{
  "project_info": {
    "project_number": "943610976031",
    "firebase_url": "https://friendlychat-e6225.firebaseio.com",
    "project_id": "friendlychat-e6225",
    "storage_bucket": "friendlychat-e6225.appspot.com"
  },
  "client": [
    {
      "client_info": {
        "mobilesdk_app_id": "1:943610976031:android:b5d75907de594a2d",
        "android_client_info": {
          "package_name": "com.google.firebase.codelab.friendlychat"
        }
      },
      "oauth_client": [
        {
          "client_id": "943610976031-qu74opnakvn2e2pak2chrkoq18emi056.apps.googleusercontent.com",
          "client_type": 3
        }
      ],
      "api_key": [
        {
          "current_key": "AIzaSyCjkKFlIOMqMnWMZCAoQV6YfY45K4dD4IE"
        }
      ],
      "services": {
        "analytics_service": {
          "status": 1
        },
        "appinvite_service": {
          "status": 1,
          "other_platform_oauth_client": []
        },
        "ads_service": {
          "status": 2
        }
      }
    }
  ],
  "configuration_version": "1"
}